-- MySQL dump 10.13  Distrib 8.0.36, for Win64 (x86_64)
--
-- Host: 192.168.29.32    Database: ecom_address_db
-- ------------------------------------------------------
-- Server version	8.0.37

/*!40101 SET @OLD_CHARACTER_SET_CLIENT=@@CHARACTER_SET_CLIENT */;
/*!40101 SET @OLD_CHARACTER_SET_RESULTS=@@CHARACTER_SET_RESULTS */;
/*!40101 SET @OLD_COLLATION_CONNECTION=@@COLLATION_CONNECTION */;
/*!50503 SET NAMES utf8 */;
/*!40103 SET @OLD_TIME_ZONE=@@TIME_ZONE */;
/*!40103 SET TIME_ZONE='+00:00' */;
/*!40014 SET @OLD_UNIQUE_CHECKS=@@UNIQUE_CHECKS, UNIQUE_CHECKS=0 */;
/*!40014 SET @OLD_FOREIGN_KEY_CHECKS=@@FOREIGN_KEY_CHECKS, FOREIGN_KEY_CHECKS=0 */;
/*!40101 SET @OLD_SQL_MODE=@@SQL_MODE, SQL_MODE='NO_AUTO_VALUE_ON_ZERO' */;
/*!40111 SET @OLD_SQL_NOTES=@@SQL_NOTES, SQL_NOTES=0 */;

--
-- Table structure for table `mst_city`
--

DROP TABLE IF EXISTS `mst_city`;
/*!40101 SET @saved_cs_client     = @@character_set_client */;
/*!50503 SET character_set_client = utf8mb4 */;
CREATE TABLE `mst_city` (
  `city_id` int NOT NULL AUTO_INCREMENT,
  `city_name` varchar(255) NOT NULL,
  `state_id` int NOT NULL,
  `created_on` datetime(6) DEFAULT NULL,
  `last_updated_on` datetime(6) DEFAULT NULL,
  PRIMARY KEY (`city_id`),
  KEY `fr_state_id_idx` (`state_id`),
  CONSTRAINT `FK76rusjey437k1ihu759d5gnwv` FOREIGN KEY (`state_id`) REFERENCES `mst_state` (`state_id`)
) ENGINE=InnoDB AUTO_INCREMENT=604 DEFAULT CHARSET=utf8mb4 COLLATE=utf8mb4_0900_ai_ci;
/*!40101 SET character_set_client = @saved_cs_client */;

--
-- Dumping data for table `mst_city`
--

LOCK TABLES `mst_city` WRITE;
/*!40000 ALTER TABLE `mst_city` DISABLE KEYS */;
INSERT INTO `mst_city` VALUES (1,'North and Middle Andaman',32,NULL,NULL),(2,'South Andaman',32,NULL,NULL),(3,'Nicobar',32,NULL,NULL),(4,'Adilabad',1,NULL,NULL),(5,'Anantapur',1,NULL,NULL),(6,'Chittoor',1,NULL,NULL),(7,'East Godavari',1,NULL,NULL),(8,'Guntur',1,NULL,NULL),(9,'Hyderabad',1,NULL,NULL),(10,'Kadapa',1,NULL,NULL),(11,'Karimnagar',1,NULL,NULL),(12,'Khammam',1,NULL,NULL),(13,'Krishna',1,NULL,NULL),(14,'Kurnool',1,NULL,NULL),(15,'Mahbubnagar',1,NULL,NULL),(16,'Medak',1,NULL,NULL),(17,'Nalgonda',1,NULL,NULL),(18,'Nellore',1,NULL,NULL),(19,'Nizamabad',1,NULL,NULL),(20,'Prakasam',1,NULL,NULL),(21,'Rangareddi',1,NULL,NULL),(22,'Srikakulam',1,NULL,NULL),(23,'Vishakhapatnam',1,NULL,NULL),(24,'Vizianagaram',1,NULL,NULL),(25,'Warangal',1,NULL,NULL),(26,'West Godavari',1,NULL,NULL),(27,'Anjaw',3,NULL,NULL),(28,'Changlang',3,NULL,NULL),(29,'East Kameng',3,NULL,NULL),(30,'Lohit',3,NULL,NULL),(31,'Lower Subansiri',3,NULL,NULL),(32,'Papum Pare',3,NULL,NULL),(33,'Tirap',3,NULL,NULL),(34,'Dibang Valley',3,NULL,NULL),(35,'Upper Subansiri',3,NULL,NULL),(36,'West Kameng',3,NULL,NULL),(37,'Barpeta',2,NULL,NULL),(38,'Bongaigaon',2,NULL,NULL),(39,'Cachar',2,NULL,NULL),(40,'Darrang',2,NULL,NULL),(41,'Dhemaji',2,NULL,NULL),(42,'Dhubri',2,NULL,NULL),(43,'Dibrugarh',2,NULL,NULL),(44,'Goalpara',2,NULL,NULL),(45,'Golaghat',2,NULL,NULL),(46,'Hailakandi',2,NULL,NULL),(47,'Jorhat',2,NULL,NULL),(48,'Karbi Anglong',2,NULL,NULL),(49,'Karimganj',2,NULL,NULL),(50,'Kokrajhar',2,NULL,NULL),(51,'Lakhimpur',2,NULL,NULL),(52,'Marigaon',2,NULL,NULL),(53,'Nagaon',2,NULL,NULL),(54,'Nalbari',2,NULL,NULL),(55,'North Cachar Hills',2,NULL,NULL),(56,'Sibsagar',2,NULL,NULL),(57,'Sonitpur',2,NULL,NULL),(58,'Tinsukia',2,NULL,NULL),(59,'Araria',4,NULL,NULL),(60,'Aurangabad',4,NULL,NULL),(61,'Banka',4,NULL,NULL),(62,'Begusarai',4,NULL,NULL),(63,'Bhagalpur',4,NULL,NULL),(64,'Bhojpur',4,NULL,NULL),(65,'Buxar',4,NULL,NULL),(66,'Darbhanga',4,NULL,NULL),(67,'Purba Champaran',4,NULL,NULL),(68,'Gaya',4,NULL,NULL),(69,'Gopalganj',4,NULL,NULL),(70,'Jamui',4,NULL,NULL),(71,'Jehanabad',4,NULL,NULL),(72,'Khagaria',4,NULL,NULL),(73,'Kishanganj',4,NULL,NULL),(74,'Kaimur',4,NULL,NULL),(75,'Katihar',4,NULL,NULL),(76,'Lakhisarai',4,NULL,NULL),(77,'Madhubani',4,NULL,NULL),(78,'Munger',4,NULL,NULL),(79,'Madhepura',4,NULL,NULL),(80,'Muzaffarpur',4,NULL,NULL),(81,'Nalanda',4,NULL,NULL),(82,'Nawada',4,NULL,NULL),(83,'Patna',4,NULL,NULL),(84,'Purnia',4,NULL,NULL),(85,'Rohtas',4,NULL,NULL),(86,'Saharsa',4,NULL,NULL),(87,'Samastipur',4,NULL,NULL),(88,'Sheohar',4,NULL,NULL),(89,'Sheikhpura',4,NULL,NULL),(90,'Saran',4,NULL,NULL),(91,'Sitamarhi',4,NULL,NULL),(92,'Supaul',4,NULL,NULL),(93,'Siwan',4,NULL,NULL),(94,'Vaishali',4,NULL,NULL),(95,'Pashchim Champaran',4,NULL,NULL),(112,'Diu',29,NULL,NULL),(113,'Daman',29,NULL,NULL),(114,'Central Delhi',25,NULL,NULL),(115,'East Delhi',25,NULL,NULL),(116,'New Delhi',25,NULL,NULL),(117,'North Delhi',25,NULL,NULL),(118,'North East Delhi',25,NULL,NULL),(119,'North West Delhi',25,NULL,NULL),(120,'South Delhi',25,NULL,NULL),(121,'South West Delhi',25,NULL,NULL),(122,'West Delhi',25,NULL,NULL),(123,'North Goa',26,NULL,NULL),(124,'South Goa',26,NULL,NULL),(125,'Ahmedabad',5,NULL,NULL),(126,'Amreli District',5,NULL,NULL),(127,'Anand',5,NULL,NULL),(128,'Banaskantha',5,NULL,NULL),(129,'Bharuch',5,NULL,NULL),(130,'Bhavnagar',5,NULL,NULL),(131,'Dahod',5,NULL,NULL),(132,'The Dangs',5,NULL,NULL),(133,'Gandhinagar',5,NULL,NULL),(134,'Jamnagar',5,NULL,NULL),(135,'Junagadh',5,NULL,NULL),(136,'Kutch',5,NULL,NULL),(137,'Kheda',5,NULL,NULL),(138,'Mehsana',5,NULL,NULL),(139,'Narmada',5,NULL,NULL),(140,'Navsari',5,NULL,NULL),(141,'Patan',5,NULL,NULL),(142,'Panchmahal',5,NULL,NULL),(143,'Porbandar',5,NULL,NULL),(144,'Rajkot',5,NULL,NULL),(145,'Sabarkantha',5,NULL,NULL),(146,'Surendranagar',5,NULL,NULL),(147,'Surat',5,NULL,NULL),(148,'Vadodara',5,NULL,NULL),(149,'Valsad',5,NULL,NULL),(150,'Ambala',6,NULL,NULL),(151,'Bhiwani',6,NULL,NULL),(152,'Faridabad',6,NULL,NULL),(153,'Fatehabad',6,NULL,NULL),(154,'Gurgaon',6,NULL,NULL),(155,'Hissar',6,NULL,NULL),(156,'Jhajjar',6,NULL,NULL),(157,'Jind',6,NULL,NULL),(158,'Karnal',6,NULL,NULL),(159,'Kaithal',6,NULL,NULL),(160,'Kurukshetra',6,NULL,NULL),(161,'Mahendragarh',6,NULL,NULL),(162,'Mewat',6,NULL,NULL),(163,'Panchkula',6,NULL,NULL),(164,'Panipat',6,NULL,NULL),(165,'Rewari',6,NULL,NULL),(166,'Rohtak',6,NULL,NULL),(167,'Sirsa',6,NULL,NULL),(168,'Sonepat',6,NULL,NULL),(169,'Yamuna Nagar',6,NULL,NULL),(170,'Palwal',6,NULL,NULL),(171,'Bilaspur',7,NULL,NULL),(172,'Chamba',7,NULL,NULL),(173,'Hamirpur',7,NULL,NULL),(174,'Kangra',7,NULL,NULL),(175,'Kinnaur',7,NULL,NULL),(176,'Kulu',7,NULL,NULL),(177,'Lahaul and Spiti',7,NULL,NULL),(178,'Mandi',7,NULL,NULL),(179,'Shimla',7,NULL,NULL),(180,'Sirmaur',7,NULL,NULL),(181,'Solan',7,NULL,NULL),(182,'Una',7,NULL,NULL),(183,'Anantnag',8,NULL,NULL),(184,'Badgam',8,NULL,NULL),(185,'Bandipore',8,NULL,NULL),(186,'Baramula',8,NULL,NULL),(187,'Doda',8,NULL,NULL),(188,'Jammu',8,NULL,NULL),(189,'Kargil',8,NULL,NULL),(190,'Kathua',8,NULL,NULL),(191,'Kupwara',8,NULL,NULL),(192,'Leh',8,NULL,NULL),(193,'Poonch',8,NULL,NULL),(194,'Pulwama',8,NULL,NULL),(195,'Rajauri',8,NULL,NULL),(196,'Srinagar',8,NULL,NULL),(197,'Samba',8,NULL,NULL),(198,'Udhampur',8,NULL,NULL),(199,'Bokaro',34,NULL,NULL),(200,'Chatra',34,NULL,NULL),(201,'Deoghar',34,NULL,NULL),(202,'Dhanbad',34,NULL,NULL),(203,'Dumka',34,NULL,NULL),(204,'Purba Singhbhum',34,NULL,NULL),(205,'Garhwa',34,NULL,NULL),(206,'Giridih',34,NULL,NULL),(207,'Godda',34,NULL,NULL),(208,'Gumla',34,NULL,NULL),(209,'Hazaribagh',34,NULL,NULL),(210,'Koderma',34,NULL,NULL),(211,'Lohardaga',34,NULL,NULL),(212,'Pakur',34,NULL,NULL),(213,'Palamu',34,NULL,NULL),(214,'Ranchi',34,NULL,NULL),(215,'Sahibganj',34,NULL,NULL),(216,'Seraikela and Kharsawan',34,NULL,NULL),(217,'Pashchim Singhbhum',34,NULL,NULL),(218,'Ramgarh',34,NULL,NULL),(219,'Bidar',9,NULL,NULL),(220,'Belgaum',9,NULL,NULL),(221,'Bijapur',9,NULL,NULL),(222,'Bagalkot',9,NULL,NULL),(223,'Bellary',9,NULL,NULL),(224,'Bangalore Rural District',9,NULL,NULL),(225,'Bangalore Urban District',9,NULL,NULL),(226,'Chamarajnagar',9,NULL,NULL),(227,'Chikmagalur',9,NULL,NULL),(228,'Chitradurga',9,NULL,NULL),(229,'Davanagere',9,NULL,NULL),(230,'Dharwad',9,NULL,NULL),(231,'Dakshina Kannada',9,NULL,NULL),(232,'Gadag',9,NULL,NULL),(233,'Gulbarga',9,NULL,NULL),(234,'Hassan',9,NULL,NULL),(235,'Haveri District',9,NULL,NULL),(236,'Kodagu',9,NULL,NULL),(237,'Kolar',9,NULL,NULL),(238,'Koppal',9,NULL,NULL),(239,'Mandya',9,NULL,NULL),(240,'Mysore',9,NULL,NULL),(241,'Raichur',9,NULL,NULL),(242,'Shimoga',9,NULL,NULL),(243,'Tumkur',9,NULL,NULL),(244,'Udupi',9,NULL,NULL),(245,'Uttara Kannada',9,NULL,NULL),(246,'Ramanagara',9,NULL,NULL),(247,'Chikballapur',9,NULL,NULL),(248,'Yadagiri',9,NULL,NULL),(249,'Alappuzha',10,NULL,NULL),(250,'Ernakulam',10,NULL,NULL),(251,'Idukki',10,NULL,NULL),(252,'Kollam',10,NULL,NULL),(253,'Kannur',10,NULL,NULL),(254,'Kasaragod',10,NULL,NULL),(255,'Kottayam',10,NULL,NULL),(256,'Kozhikode',10,NULL,NULL),(257,'Malappuram',10,NULL,NULL),(258,'Palakkad',10,NULL,NULL),(259,'Pathanamthitta',10,NULL,NULL),(260,'Thrissur',10,NULL,NULL),(261,'Thiruvananthapuram',10,NULL,NULL),(262,'Wayanad',10,NULL,NULL),(263,'Alirajpur',11,NULL,NULL),(264,'Anuppur',11,NULL,NULL),(265,'Ashok Nagar',11,NULL,NULL),(266,'Balaghat',11,NULL,NULL),(267,'Barwani',11,NULL,NULL),(268,'Betul',11,NULL,NULL),(269,'Bhind',11,NULL,NULL),(270,'Bhopal',11,NULL,NULL),(271,'Burhanpur',11,NULL,NULL),(272,'Chhatarpur',11,NULL,NULL),(273,'Chhindwara',11,NULL,NULL),(274,'Damoh',11,NULL,NULL),(275,'Datia',11,NULL,NULL),(276,'Dewas',11,NULL,NULL),(277,'Dhar',11,NULL,NULL),(278,'Dindori',11,NULL,NULL),(279,'Guna',11,NULL,NULL),(280,'Gwalior',11,NULL,NULL),(281,'Harda',11,NULL,NULL),(282,'Hoshangabad',11,NULL,NULL),(283,'Indore',11,NULL,NULL),(284,'Jabalpur',11,NULL,NULL),(285,'Jhabua',11,NULL,NULL),(286,'Katni',11,NULL,NULL),(287,'Khandwa',11,NULL,NULL),(288,'Khargone',11,NULL,NULL),(289,'Mandla',11,NULL,NULL),(290,'Mandsaur',11,NULL,NULL),(291,'Morena',11,NULL,NULL),(292,'Narsinghpur',11,NULL,NULL),(293,'Neemuch',11,NULL,NULL),(294,'Panna',11,NULL,NULL),(295,'Rewa',11,NULL,NULL),(296,'Rajgarh',11,NULL,NULL),(297,'Ratlam',11,NULL,NULL),(298,'Raisen',11,NULL,NULL),(299,'Sagar',11,NULL,NULL),(300,'Satna',11,NULL,NULL),(301,'Sehore',11,NULL,NULL),(302,'Seoni',11,NULL,NULL),(303,'Shahdol',11,NULL,NULL),(304,'Shajapur',11,NULL,NULL),(305,'Sheopur',11,NULL,NULL),(306,'Shivpuri',11,NULL,NULL),(307,'Sidhi',11,NULL,NULL),(308,'Singrauli',11,NULL,NULL),(309,'Tikamgarh',11,NULL,NULL),(310,'Ujjain',11,NULL,NULL),(311,'Umaria',11,NULL,NULL),(312,'Vidisha',11,NULL,NULL),(313,'Ahmednagar',12,NULL,NULL),(314,'Akola',12,NULL,NULL),(315,'Amrawati',12,NULL,NULL),(316,'Aurangabad',12,NULL,NULL),(317,'Bhandara',12,NULL,NULL),(318,'Beed',12,NULL,NULL),(319,'Buldhana',12,NULL,NULL),(320,'Chandrapur',12,NULL,NULL),(321,'Dhule',12,NULL,NULL),(322,'Gadchiroli',12,NULL,NULL),(323,'Gondiya',12,NULL,NULL),(324,'Hingoli',12,NULL,NULL),(325,'Jalgaon',12,NULL,NULL),(326,'Jalna',12,NULL,NULL),(327,'Kolhapur',12,NULL,NULL),(328,'Latur',12,NULL,NULL),(329,'Mumbai City',12,NULL,NULL),(330,'Mumbai suburban',12,NULL,NULL),(331,'Nandurbar',12,NULL,NULL),(332,'Nanded',12,NULL,NULL),(333,'Nagpur',12,NULL,NULL),(334,'Nashik',12,NULL,NULL),(335,'Osmanabad',12,NULL,NULL),(336,'Parbhani',12,NULL,NULL),(337,'Pune',12,NULL,NULL),(338,'Raigad',12,NULL,NULL),(339,'Ratnagiri',12,NULL,NULL),(340,'Sindhudurg',12,NULL,NULL),(341,'Sangli',12,NULL,NULL),(342,'Solapur',12,NULL,NULL),(343,'Satara',12,NULL,NULL),(344,'Thane',12,NULL,NULL),(345,'Wardha',12,NULL,NULL),(346,'Washim',12,NULL,NULL),(347,'Yavatmal',12,NULL,NULL),(348,'Bishnupur',13,NULL,NULL),(349,'Churachandpur',13,NULL,NULL),(350,'Chandel',13,NULL,NULL),(351,'Imphal East',13,NULL,NULL),(352,'Senapati',13,NULL,NULL),(353,'Tamenglong',13,NULL,NULL),(354,'Thoubal',13,NULL,NULL),(355,'Ukhrul',13,NULL,NULL),(356,'Imphal West',13,NULL,NULL),(357,'East Garo Hills',14,NULL,NULL),(358,'East Khasi Hills',14,NULL,NULL),(359,'Jaintia Hills',14,NULL,NULL),(360,'Ri-Bhoi',14,NULL,NULL),(361,'South Garo Hills',14,NULL,NULL),(362,'West Garo Hills',14,NULL,NULL),(363,'West Khasi Hills',14,NULL,NULL),(364,'Aizawl',15,NULL,NULL),(365,'Champhai',15,NULL,NULL),(366,'Kolasib',15,NULL,NULL),(367,'Lawngtlai',15,NULL,NULL),(368,'Lunglei',15,NULL,NULL),(369,'Mamit',15,NULL,NULL),(370,'Saiha',15,NULL,NULL),(371,'Serchhip',15,NULL,NULL),(372,'Dimapur',16,NULL,NULL),(373,'Kohima',16,NULL,NULL),(374,'Mokokchung',16,NULL,NULL),(375,'Mon',16,NULL,NULL),(376,'Phek',16,NULL,NULL),(377,'Tuensang',16,NULL,NULL),(378,'Wokha',16,NULL,NULL),(379,'Zunheboto',16,NULL,NULL),(380,'Angul',17,NULL,NULL),(381,'Boudh',17,NULL,NULL),(382,'Bhadrak',17,NULL,NULL),(383,'Bolangir',17,NULL,NULL),(384,'Bargarh',17,NULL,NULL),(385,'Baleswar',17,NULL,NULL),(386,'Cuttack',17,NULL,NULL),(387,'Debagarh',17,NULL,NULL),(388,'Dhenkanal',17,NULL,NULL),(389,'Ganjam',17,NULL,NULL),(390,'Gajapati',17,NULL,NULL),(391,'Jharsuguda',17,NULL,NULL),(392,'Jajapur',17,NULL,NULL),(393,'Jagatsinghpur',17,NULL,NULL),(394,'Khordha',17,NULL,NULL),(395,'Kendujhar',17,NULL,NULL),(396,'Kalahandi',17,NULL,NULL),(397,'Kandhamal',17,NULL,NULL),(398,'Koraput',17,NULL,NULL),(399,'Kendrapara',17,NULL,NULL),(400,'Malkangiri',17,NULL,NULL),(401,'Mayurbhanj',17,NULL,NULL),(402,'Nabarangpur',17,NULL,NULL),(403,'Nuapada',17,NULL,NULL),(404,'Nayagarh',17,NULL,NULL),(405,'Puri',17,NULL,NULL),(406,'Rayagada',17,NULL,NULL),(407,'Sambalpur',17,NULL,NULL),(408,'Subarnapur',17,NULL,NULL),(409,'Sundargarh',17,NULL,NULL),(410,'Karaikal',27,NULL,NULL),(411,'Mahe',27,NULL,NULL),(412,'Puducherry',27,NULL,NULL),(413,'Yanam',27,NULL,NULL),(414,'Amritsar',18,NULL,NULL),(415,'Bathinda',18,NULL,NULL),(416,'Firozpur',18,NULL,NULL),(417,'Faridkot',18,NULL,NULL),(418,'Fatehgarh Sahib',18,NULL,NULL),(419,'Gurdaspur',18,NULL,NULL),(420,'Hoshiarpur',18,NULL,NULL),(421,'Jalandhar',18,NULL,NULL),(422,'Kapurthala',18,NULL,NULL),(423,'Ludhiana',18,NULL,NULL),(424,'Mansa',18,NULL,NULL),(425,'Moga',18,NULL,NULL),(426,'Mukatsar',18,NULL,NULL),(427,'Nawan Shehar',18,NULL,NULL),(428,'Patiala',18,NULL,NULL),(429,'Rupnagar',18,NULL,NULL),(430,'Sangrur',18,NULL,NULL),(431,'Ajmer',19,NULL,NULL),(432,'Alwar',19,NULL,NULL),(433,'Bikaner',19,NULL,NULL),(434,'Barmer',19,NULL,NULL),(435,'Banswara',19,NULL,NULL),(436,'Bharatpur',19,NULL,NULL),(437,'Baran',19,NULL,NULL),(438,'Bundi',19,NULL,NULL),(439,'Bhilwara',19,NULL,NULL),(440,'Churu',19,NULL,NULL),(441,'Chittorgarh',19,NULL,NULL),(442,'Dausa',19,NULL,NULL),(443,'Dholpur',19,NULL,NULL),(444,'Dungapur',19,NULL,NULL),(445,'Ganganagar',19,NULL,NULL),(446,'Hanumangarh',19,NULL,NULL),(447,'Juhnjhunun',19,NULL,NULL),(448,'Jalore',19,NULL,NULL),(449,'Jodhpur',19,NULL,NULL),(450,'Jaipur',19,NULL,NULL),(451,'Jaisalmer',19,NULL,NULL),(452,'Jhalawar',19,NULL,NULL),(453,'Karauli',19,NULL,NULL),(454,'Kota',19,NULL,NULL),(455,'Nagaur',19,NULL,NULL),(456,'Pali',19,NULL,NULL),(457,'Pratapgarh',19,NULL,NULL),(458,'Rajsamand',19,NULL,NULL),(459,'Sikar',19,NULL,NULL),(460,'Sawai Madhopur',19,NULL,NULL),(461,'Sirohi',19,NULL,NULL),(462,'Tonk',19,NULL,NULL),(463,'Udaipur',19,NULL,NULL),(464,'East Sikkim',20,NULL,NULL),(465,'North Sikkim',20,NULL,NULL),(466,'South Sikkim',20,NULL,NULL),(467,'West Sikkim',20,NULL,NULL),(468,'Ariyalur',21,NULL,NULL),(469,'Chennai',21,NULL,NULL),(470,'Coimbatore',21,NULL,NULL),(471,'Cuddalore',21,NULL,NULL),(472,'Dharmapuri',21,NULL,NULL),(473,'Dindigul',21,NULL,NULL),(474,'Erode',21,NULL,NULL),(475,'Kanchipuram',21,NULL,NULL),(476,'Kanyakumari',21,NULL,NULL),(477,'Karur',21,NULL,NULL),(478,'Madurai',21,NULL,NULL),(479,'Nagapattinam',21,NULL,NULL),(480,'The Nilgiris',21,NULL,NULL),(481,'Namakkal',21,NULL,NULL),(482,'Perambalur',21,NULL,NULL),(483,'Pudukkottai',21,NULL,NULL),(484,'Ramanathapuram',21,NULL,NULL),(485,'Salem',21,NULL,NULL),(486,'Sivagangai',21,NULL,NULL),(487,'Tiruppur',21,NULL,NULL),(488,'Tiruchirappalli',21,NULL,NULL),(489,'Theni',21,NULL,NULL),(490,'Tirunelveli',21,NULL,NULL),(491,'Thanjavur',21,NULL,NULL),(492,'Thoothukudi',21,NULL,NULL),(493,'Thiruvallur',21,NULL,NULL),(494,'Thiruvarur',21,NULL,NULL),(495,'Tiruvannamalai',21,NULL,NULL),(496,'Vellore',21,NULL,NULL),(497,'Villupuram',21,NULL,NULL),(498,'Dhalai',22,NULL,NULL),(499,'North Tripura',22,NULL,NULL),(500,'South Tripura',22,NULL,NULL),(501,'West Tripura',22,NULL,NULL),(502,'Almora',33,NULL,NULL),(503,'Bageshwar',33,NULL,NULL),(504,'Chamoli',33,NULL,NULL),(505,'Champawat',33,NULL,NULL),(506,'Dehradun',33,NULL,NULL),(507,'Haridwar',33,NULL,NULL),(508,'Nainital',33,NULL,NULL),(509,'Pauri Garhwal',33,NULL,NULL),(510,'Pithoragharh',33,NULL,NULL),(511,'Rudraprayag',33,NULL,NULL),(512,'Tehri Garhwal',33,NULL,NULL),(513,'Udham Singh Nagar',33,NULL,NULL),(514,'Uttarkashi',33,NULL,NULL),(515,'Agra',23,NULL,NULL),(516,'Allahabad',23,NULL,NULL),(517,'Aligarh',23,NULL,NULL),(518,'Ambedkar Nagar',23,NULL,NULL),(519,'Auraiya',23,NULL,NULL),(520,'Azamgarh',23,NULL,NULL),(521,'Barabanki',23,NULL,NULL),(522,'Badaun',23,NULL,NULL),(523,'Bagpat',23,NULL,NULL),(524,'Bahraich',23,NULL,NULL),(525,'Bijnor',23,NULL,NULL),(526,'Ballia',23,NULL,NULL),(527,'Banda',23,NULL,NULL),(528,'Balrampur',23,NULL,NULL),(529,'Bareilly',23,NULL,NULL),(530,'Basti',23,NULL,NULL),(531,'Bulandshahr',23,NULL,NULL),(532,'Chandauli',23,NULL,NULL),(533,'Chitrakoot',23,NULL,NULL),(534,'Deoria',23,NULL,NULL),(535,'Etah',23,NULL,NULL),(536,'Kanshiram Nagar',23,NULL,NULL),(537,'Etawah',23,NULL,NULL),(538,'Firozabad',23,NULL,NULL),(539,'Farrukhabad',23,NULL,NULL),(540,'Fatehpur',23,NULL,NULL),(541,'Faizabad',23,NULL,NULL),(542,'Gautam Buddha Nagar',23,NULL,NULL),(543,'Gonda',23,NULL,NULL),(544,'Ghazipur',23,NULL,NULL),(545,'Gorkakhpur',23,NULL,NULL),(546,'Ghaziabad',23,NULL,NULL),(547,'Hamirpur',23,NULL,NULL),(548,'Hardoi',23,NULL,NULL),(549,'Mahamaya Nagar',23,NULL,NULL),(550,'Jhansi',23,NULL,NULL),(551,'Jalaun',23,NULL,NULL),(552,'Jyotiba Phule Nagar',23,NULL,NULL),(553,'Jaunpur District',23,NULL,NULL),(554,'Kanpur Dehat',23,NULL,NULL),(555,'Kannauj',23,NULL,NULL),(556,'Kanpur Nagar',23,NULL,NULL),(557,'Kaushambi',23,NULL,NULL),(558,'Kushinagar',23,NULL,NULL),(559,'Lalitpur',23,NULL,NULL),(560,'Lakhimpur Kheri',23,NULL,NULL),(561,'Lucknow',23,NULL,NULL),(562,'Mau',23,NULL,NULL),(563,'Meerut',23,NULL,NULL),(564,'Maharajganj',23,NULL,NULL),(565,'Mahoba',23,NULL,NULL),(566,'Mirzapur',23,NULL,NULL),(567,'Moradabad',23,NULL,NULL),(568,'Mainpuri',23,NULL,NULL),(569,'Mathura',23,NULL,NULL),(570,'Muzaffarnagar',23,NULL,NULL),(571,'Pilibhit',23,NULL,NULL),(572,'Pratapgarh',23,NULL,NULL),(573,'Rampur',23,NULL,NULL),(574,'Rae Bareli',23,NULL,NULL),(575,'Saharanpur',23,NULL,NULL),(576,'Sitapur',23,NULL,NULL),(577,'Shahjahanpur',23,NULL,NULL),(578,'Sant Kabir Nagar',23,NULL,NULL),(579,'Siddharthnagar',23,NULL,NULL),(580,'Sonbhadra',23,NULL,NULL),(581,'Sant Ravidas Nagar',23,NULL,NULL),(582,'Sultanpur',23,NULL,NULL),(583,'Shravasti',23,NULL,NULL),(584,'Unnao',23,NULL,NULL),(585,'Varanasi',23,NULL,NULL),(586,'Birbhum',24,NULL,NULL),(587,'Bankura',24,NULL,NULL),(588,'Bardhaman',24,NULL,NULL),(589,'Darjeeling',24,NULL,NULL),(590,'Dakshin Dinajpur',24,NULL,NULL),(591,'Hooghly',24,NULL,NULL),(592,'Howrah',24,NULL,NULL),(593,'Jalpaiguri',24,NULL,NULL),(594,'Cooch Behar',24,NULL,NULL),(595,'Kolkata',24,NULL,NULL),(596,'Malda',24,NULL,NULL),(597,'Midnapore',24,NULL,NULL),(598,'Murshidabad',24,NULL,NULL),(599,'Nadia',24,NULL,NULL),(600,'North 24 Parganas',24,NULL,NULL),(601,'South 24 Parganas',24,NULL,NULL),(602,'Purulia',24,NULL,NULL),(603,'Uttar Dinajpur',24,NULL,NULL);
/*!40000 ALTER TABLE `mst_city` ENABLE KEYS */;
UNLOCK TABLES;

--
-- Table structure for table `mst_country`
--

DROP TABLE IF EXISTS `mst_country`;
/*!40101 SET @saved_cs_client     = @@character_set_client */;
/*!50503 SET character_set_client = utf8mb4 */;
CREATE TABLE `mst_country` (
  `country_id` int NOT NULL AUTO_INCREMENT,
  `country_code` varchar(2) NOT NULL,
  `country_name` varchar(45) NOT NULL DEFAULT '',
  `created_on` datetime(6) DEFAULT NULL,
  `last_updated_on` datetime(6) DEFAULT NULL,
  PRIMARY KEY (`country_id`)
) ENGINE=InnoDB AUTO_INCREMENT=255 DEFAULT CHARSET=utf8mb4 COLLATE=utf8mb4_0900_ai_ci;
/*!40101 SET character_set_client = @saved_cs_client */;

--
-- Dumping data for table `mst_country`
--

LOCK TABLES `mst_country` WRITE;
/*!40000 ALTER TABLE `mst_country` DISABLE KEYS */;
INSERT INTO `mst_country` VALUES (1,'AD','Andorra',NULL,NULL),(2,'AE','United Arab Emirates',NULL,NULL),(3,'AF','Afghanistan',NULL,NULL),(4,'AG','Antigua and Barbuda',NULL,NULL),(5,'AI','Anguilla',NULL,NULL),(6,'AL','Albania',NULL,NULL),(7,'AM','Armenia',NULL,NULL),(8,'AO','Angola',NULL,NULL),(9,'AQ','Antarctica',NULL,NULL),(10,'AR','Argentina',NULL,NULL),(11,'AS','American Samoa',NULL,NULL),(12,'AT','Austria',NULL,NULL),(13,'AU','Australia',NULL,NULL),(14,'AW','Aruba',NULL,NULL),(15,'AX','Åland',NULL,NULL),(16,'AZ','Azerbaijan',NULL,NULL),(17,'BA','Bosnia and Herzegovina',NULL,NULL),(18,'BB','Barbados',NULL,NULL),(19,'BD','Bangladesh',NULL,NULL),(20,'BE','Belgium',NULL,NULL),(21,'BF','Burkina Faso',NULL,NULL),(22,'BG','Bulgaria',NULL,NULL),(23,'BH','Bahrain',NULL,NULL),(24,'BI','Burundi',NULL,NULL),(25,'BJ','Benin',NULL,NULL),(26,'BL','Saint Barthélemy',NULL,NULL),(27,'BM','Bermuda',NULL,NULL),(28,'BN','Brunei',NULL,NULL),(29,'BO','Bolivia',NULL,NULL),(30,'BQ','Bonaire',NULL,NULL),(31,'BR','Brazil',NULL,NULL),(32,'BS','Bahamas',NULL,NULL),(33,'BT','Bhutan',NULL,NULL),(34,'BV','Bouvet Island',NULL,NULL),(35,'BW','Botswana',NULL,NULL),(36,'BY','Belarus',NULL,NULL),(37,'BZ','Belize',NULL,NULL),(38,'CA','Canada',NULL,NULL),(39,'CC','Cocos [Keeling] Islands',NULL,NULL),(40,'CD','Democratic Republic of the Congo',NULL,NULL),(41,'CF','Central African Republic',NULL,NULL),(42,'CG','Republic of the Congo',NULL,NULL),(43,'CH','Switzerland',NULL,NULL),(44,'CI','Ivory Coast',NULL,NULL),(45,'CK','Cook Islands',NULL,NULL),(46,'CL','Chile',NULL,NULL),(47,'CM','Cameroon',NULL,NULL),(48,'CN','China',NULL,NULL),(49,'CO','Colombia',NULL,NULL),(50,'CR','Costa Rica',NULL,NULL),(51,'CU','Cuba',NULL,NULL),(52,'CV','Cape Verde',NULL,NULL),(53,'CW','Curacao',NULL,NULL),(54,'CX','Christmas Island',NULL,NULL),(55,'CY','Cyprus',NULL,NULL),(56,'CZ','Czech Republic',NULL,NULL),(57,'DE','Germany',NULL,NULL),(58,'DJ','Djibouti',NULL,NULL),(59,'DK','Denmark',NULL,NULL),(60,'DM','Dominica',NULL,NULL),(61,'DO','Dominican Republic',NULL,NULL),(62,'DZ','Algeria',NULL,NULL),(63,'EC','Ecuador',NULL,NULL),(64,'EE','Estonia',NULL,NULL),(65,'EG','Egypt',NULL,NULL),(66,'EH','Western Sahara',NULL,NULL),(67,'ER','Eritrea',NULL,NULL),(68,'ES','Spain',NULL,NULL),(69,'ET','Ethiopia',NULL,NULL),(70,'FI','Finland',NULL,NULL),(71,'FJ','Fiji',NULL,NULL),(72,'FK','Falkland Islands',NULL,NULL),(73,'FM','Micronesia',NULL,NULL),(74,'FO','Faroe Islands',NULL,NULL),(75,'FR','France',NULL,NULL),(76,'GA','Gabon',NULL,NULL),(77,'GB','United Kingdom',NULL,NULL),(78,'GD','Grenada',NULL,NULL),(79,'GE','Georgia',NULL,NULL),(80,'GF','French Guiana',NULL,NULL),(81,'GG','Guernsey',NULL,NULL),(82,'GH','Ghana',NULL,NULL),(83,'GI','Gibraltar',NULL,NULL),(84,'GL','Greenland',NULL,NULL),(85,'GM','Gambia',NULL,NULL),(86,'GN','Guinea',NULL,NULL),(87,'GP','Guadeloupe',NULL,NULL),(88,'GQ','Equatorial Guinea',NULL,NULL),(89,'GR','Greece',NULL,NULL),(90,'GS','South Georgia and the South Sandwich Islands',NULL,NULL),(91,'GT','Guatemala',NULL,NULL),(92,'GU','Guam',NULL,NULL),(93,'GW','Guinea-Bissau',NULL,NULL),(94,'GY','Guyana',NULL,NULL),(95,'HK','Hong Kong',NULL,NULL),(96,'HM','Heard Island and McDonald Islands',NULL,NULL),(97,'HN','Honduras',NULL,NULL),(98,'HR','Croatia',NULL,NULL),(99,'HT','Haiti',NULL,NULL),(100,'HU','Hungary',NULL,NULL),(101,'ID','Indonesia',NULL,NULL),(102,'IE','Ireland',NULL,NULL),(103,'IL','Israel',NULL,NULL),(104,'IM','Isle of Man',NULL,NULL),(105,'IN','India',NULL,NULL),(106,'IO','British Indian Ocean Territory',NULL,NULL),(107,'IQ','Iraq',NULL,NULL),(108,'IR','Iran',NULL,NULL),(109,'IS','Iceland',NULL,NULL),(110,'IT','Italy',NULL,NULL),(111,'JE','Jersey',NULL,NULL),(112,'JM','Jamaica',NULL,NULL),(113,'JO','Jordan',NULL,NULL),(114,'JP','Japan',NULL,NULL),(115,'KE','Kenya',NULL,NULL),(116,'KG','Kyrgyzstan',NULL,NULL),(117,'KH','Cambodia',NULL,NULL),(118,'KI','Kiribati',NULL,NULL),(119,'KM','Comoros',NULL,NULL),(120,'KN','Saint Kitts and Nevis',NULL,NULL),(121,'KP','North Korea',NULL,NULL),(122,'KR','South Korea',NULL,NULL),(123,'KW','Kuwait',NULL,NULL),(124,'KY','Cayman Islands',NULL,NULL),(125,'KZ','Kazakhstan',NULL,NULL),(126,'LA','Laos',NULL,NULL),(127,'LB','Lebanon',NULL,NULL),(128,'LC','Saint Lucia',NULL,NULL),(129,'LI','Liechtenstein',NULL,NULL),(130,'LK','Sri Lanka',NULL,NULL),(131,'LR','Liberia',NULL,NULL),(132,'LS','Lesotho',NULL,NULL),(133,'LT','Lithuania',NULL,NULL),(134,'LU','Luxembourg',NULL,NULL),(135,'LV','Latvia',NULL,NULL),(136,'LY','Libya',NULL,NULL),(137,'MA','Morocco',NULL,NULL),(138,'MC','Monaco',NULL,NULL),(139,'MD','Moldova',NULL,NULL),(140,'ME','Montenegro',NULL,NULL),(141,'MF','Saint Martin',NULL,NULL),(142,'MG','Madagascar',NULL,NULL),(143,'MH','Marshall Islands',NULL,NULL),(144,'MK','Macedonia',NULL,NULL),(145,'ML','Mali',NULL,NULL),(146,'MM','Myanmar [Burma]',NULL,NULL),(147,'MN','Mongolia',NULL,NULL),(148,'MO','Macao',NULL,NULL),(149,'MP','Northern Mariana Islands',NULL,NULL),(150,'MQ','Martinique',NULL,NULL),(151,'MR','Mauritania',NULL,NULL),(152,'MS','Montserrat',NULL,NULL),(153,'MT','Malta',NULL,NULL),(154,'MU','Mauritius',NULL,NULL),(155,'MV','Maldives',NULL,NULL),(156,'MW','Malawi',NULL,NULL),(157,'MX','Mexico',NULL,NULL),(158,'MY','Malaysia',NULL,NULL),(159,'MZ','Mozambique',NULL,NULL),(160,'NA','Namibia',NULL,NULL),(161,'NC','New Caledonia',NULL,NULL),(162,'NE','Niger',NULL,NULL),(163,'NF','Norfolk Island',NULL,NULL),(164,'NG','Nigeria',NULL,NULL),(165,'NI','Nicaragua',NULL,NULL),(166,'NL','Netherlands',NULL,NULL),(167,'NO','Norway',NULL,NULL),(168,'NP','Nepal',NULL,NULL),(169,'NR','Nauru',NULL,NULL),(170,'NU','Niue',NULL,NULL),(171,'NZ','New Zealand',NULL,NULL),(172,'OM','Oman',NULL,NULL),(173,'PA','Panama',NULL,NULL),(174,'PE','Peru',NULL,NULL),(175,'PF','French Polynesia',NULL,NULL),(176,'PG','Papua New Guinea',NULL,NULL),(177,'PH','Philippines',NULL,NULL),(178,'PK','Pakistan',NULL,NULL),(179,'PL','Poland',NULL,NULL),(180,'PM','Saint Pierre and Miquelon',NULL,NULL),(181,'PN','Pitcairn Islands',NULL,NULL),(182,'PR','Puerto Rico',NULL,NULL),(183,'PS','Palestine',NULL,NULL),(184,'PT','Portugal',NULL,NULL),(185,'PW','Palau',NULL,NULL),(186,'PY','Paraguay',NULL,NULL),(187,'QA','Qatar',NULL,NULL),(188,'RE','Réunion',NULL,NULL),(189,'RO','Romania',NULL,NULL),(190,'RS','Serbia',NULL,NULL),(191,'RU','Russia',NULL,NULL),(192,'RW','Rwanda',NULL,NULL),(193,'SA','Saudi Arabia',NULL,NULL),(194,'SB','Solomon Islands',NULL,NULL),(195,'SC','Seychelles',NULL,NULL),(196,'SD','Sudan',NULL,NULL),(197,'SE','Sweden',NULL,NULL),(198,'SG','Singapore',NULL,NULL),(199,'SH','Saint Helena',NULL,NULL),(200,'SI','Slovenia',NULL,NULL),(201,'SJ','Svalbard and Jan Mayen',NULL,NULL),(202,'SK','Slovakia',NULL,NULL),(203,'SL','Sierra Leone',NULL,NULL),(204,'SM','San Marino',NULL,NULL),(205,'SN','Senegal',NULL,NULL),(206,'SO','Somalia',NULL,NULL),(207,'SR','Suriname',NULL,NULL),(208,'SS','South Sudan',NULL,NULL),(209,'ST','São Tomé and Príncipe',NULL,NULL),(210,'SV','El Salvador',NULL,NULL),(211,'SX','Sint Maarten',NULL,NULL),(212,'SY','Syria',NULL,NULL),(213,'SZ','Swaziland',NULL,NULL),(214,'TC','Turks and Caicos Islands',NULL,NULL),(215,'TD','Chad',NULL,NULL),(216,'TF','French Southern Territories',NULL,NULL),(217,'TG','Togo',NULL,NULL),(218,'TH','Thailand',NULL,NULL),(219,'TJ','Tajikistan',NULL,NULL),(220,'TK','Tokelau',NULL,NULL),(221,'TL','East Timor',NULL,NULL),(222,'TM','Turkmenistan',NULL,NULL),(223,'TN','Tunisia',NULL,NULL),(224,'TO','Tonga',NULL,NULL),(225,'TR','Turkey',NULL,NULL),(226,'TT','Trinidad and Tobago',NULL,NULL),(227,'TV','Tuvalu',NULL,NULL),(228,'TW','Taiwan',NULL,NULL),(229,'TZ','Tanzania',NULL,NULL),(230,'UA','Ukraine',NULL,NULL),(231,'UG','Uganda',NULL,NULL),(232,'UM','U.S. Minor Outlying Islands',NULL,NULL),(233,'US','United States',NULL,NULL),(234,'UY','Uruguay',NULL,NULL),(235,'UZ','Uzbekistan',NULL,NULL),(236,'VA','Vatican City',NULL,NULL),(237,'VC','Saint Vincent and the Grenadines',NULL,NULL),(238,'VE','Venezuela',NULL,NULL),(239,'VG','British Virgin Islands',NULL,NULL),(240,'VI','U.S. Virgin Islands',NULL,NULL),(241,'VN','Vietnam',NULL,NULL),(242,'VU','Vanuatu',NULL,NULL),(243,'WF','Wallis and Futuna',NULL,NULL),(244,'WS','Samoa',NULL,NULL),(245,'XK','Kosovo',NULL,NULL),(246,'YE','Yemen',NULL,NULL),(247,'YT','Mayotte',NULL,NULL),(248,'ZA','South Africa',NULL,NULL),(249,'ZM','Zambia',NULL,NULL),(250,'ZW','Zimbabwe',NULL,NULL),(254,'XX','XYZ',NULL,NULL);
/*!40000 ALTER TABLE `mst_country` ENABLE KEYS */;
UNLOCK TABLES;

--
-- Table structure for table `mst_state`
--

DROP TABLE IF EXISTS `mst_state`;
/*!40101 SET @saved_cs_client     = @@character_set_client */;
/*!50503 SET character_set_client = utf8mb4 */;
CREATE TABLE `mst_state` (
  `state_id` int NOT NULL AUTO_INCREMENT,
  `state_name` varchar(50) NOT NULL,
  `country_id` int NOT NULL,
  `createdOn` datetime(6) DEFAULT NULL,
  `lastUpdatedOn` datetime(6) DEFAULT NULL,
  PRIMARY KEY (`state_id`),
  KEY `FK6pc51jdjy0q6h1s2sokc4g29j` (`country_id`),
  CONSTRAINT `FK6pc51jdjy0q6h1s2sokc4g29j` FOREIGN KEY (`country_id`) REFERENCES `mst_country` (`country_id`)
) ENGINE=InnoDB AUTO_INCREMENT=36 DEFAULT CHARSET=utf8mb4 COLLATE=utf8mb4_0900_ai_ci;
/*!40101 SET character_set_client = @saved_cs_client */;

--
-- Dumping data for table `mst_state`
--

LOCK TABLES `mst_state` WRITE;
/*!40000 ALTER TABLE `mst_state` DISABLE KEYS */;
INSERT INTO `mst_state` VALUES (1,'ANDHRA PRADESH',105,NULL,NULL),(2,'ASSAM',105,NULL,NULL),(3,'ARUNACHAL PRADESH',105,NULL,NULL),(4,'BIHAR',105,NULL,NULL),(5,'GUJRAT',105,NULL,NULL),(6,'HARYANA',105,NULL,NULL),(7,'HIMACHAL PRADESH',105,NULL,NULL),(8,'JAMMU & KASHMIR',105,NULL,NULL),(9,'KARNATAKA',105,NULL,NULL),(10,'KERALA',105,NULL,NULL),(11,'MADHYA PRADESH',105,NULL,NULL),(12,'MAHARASHTRA',105,NULL,NULL),(13,'MANIPUR',105,NULL,NULL),(14,'MEGHALAYA',105,NULL,NULL),(15,'MIZORAM',105,NULL,NULL),(16,'NAGALAND',105,NULL,NULL),(17,'ORISSA',105,NULL,NULL),(18,'PUNJAB',105,NULL,NULL),(19,'RAJASTHAN',105,NULL,NULL),(20,'SIKKIM',105,NULL,NULL),(21,'TAMIL NADU',105,NULL,NULL),(22,'TRIPURA',105,NULL,NULL),(23,'UTTAR PRADESH',105,NULL,NULL),(24,'WEST BENGAL',105,NULL,NULL),(25,'DELHI',105,NULL,NULL),(26,'GOA',105,NULL,NULL),(27,'PONDICHERY',105,NULL,NULL),(28,'LAKSHDWEEP',105,NULL,NULL),(29,'DAMAN & DIU',105,NULL,NULL),(30,'DADRA & NAGAR',105,NULL,NULL),(31,'CHANDIGARH',105,NULL,NULL),(32,'ANDAMAN & NICOBAR',105,NULL,NULL),(33,'UTTARANCHAL',105,NULL,NULL),(34,'JHARKHAND',105,NULL,NULL),(35,'CHATTISGARH',105,NULL,NULL);
/*!40000 ALTER TABLE `mst_state` ENABLE KEYS */;
UNLOCK TABLES;

--
-- Table structure for table `txn_adr`
--

DROP TABLE IF EXISTS `txn_adr`;
/*!40101 SET @saved_cs_client     = @@character_set_client */;
/*!50503 SET character_set_client = utf8mb4 */;
CREATE TABLE `txn_adr` (
  `adr_id` int NOT NULL AUTO_INCREMENT,
  `user_id` int NOT NULL,
  `adr_type` varchar(100) NOT NULL DEFAULT 'SHIPPING',
  `adr_street` varchar(255) DEFAULT NULL,
  `adr_area` varchar(255) DEFAULT NULL,
  `adr_landmark` varchar(100) DEFAULT '',
  `adr_pinno` int DEFAULT NULL,
  `city_id` int DEFAULT NULL,
  `state_id` int DEFAULT NULL,
  `country_id` int DEFAULT NULL,
  `created_on` datetime(6) DEFAULT NULL,
  `last_updated_on` datetime(6) DEFAULT NULL,
  PRIMARY KEY (`adr_id`),
  KEY `FKk1aus9lrtewcc9iyhjshqhx37` (`city_id`),
  KEY `FKctw3rrede9qkba3yspqsf3tso` (`country_id`),
  KEY `FKihjtk4p5uymvhlf9342auxou3` (`state_id`),
  CONSTRAINT `FKctw3rrede9qkba3yspqsf3tso` FOREIGN KEY (`country_id`) REFERENCES `mst_country` (`country_id`),
  CONSTRAINT `FKihjtk4p5uymvhlf9342auxou3` FOREIGN KEY (`state_id`) REFERENCES `mst_state` (`state_id`),
  CONSTRAINT `FKk1aus9lrtewcc9iyhjshqhx37` FOREIGN KEY (`city_id`) REFERENCES `mst_city` (`city_id`)
) ENGINE=InnoDB DEFAULT CHARSET=utf8mb4 COLLATE=utf8mb4_0900_ai_ci;
/*!40101 SET character_set_client = @saved_cs_client */;

--
-- Dumping data for table `txn_adr`
--

LOCK TABLES `txn_adr` WRITE;
/*!40000 ALTER TABLE `txn_adr` DISABLE KEYS */;
/*!40000 ALTER TABLE `txn_adr` ENABLE KEYS */;
UNLOCK TABLES;

--
-- Dumping events for database 'ecom_address_db'
--

--
-- Dumping routines for database 'ecom_address_db'
--
/*!40103 SET TIME_ZONE=@OLD_TIME_ZONE */;

/*!40101 SET SQL_MODE=@OLD_SQL_MODE */;
/*!40014 SET FOREIGN_KEY_CHECKS=@OLD_FOREIGN_KEY_CHECKS */;
/*!40014 SET UNIQUE_CHECKS=@OLD_UNIQUE_CHECKS */;
/*!40101 SET CHARACTER_SET_CLIENT=@OLD_CHARACTER_SET_CLIENT */;
/*!40101 SET CHARACTER_SET_RESULTS=@OLD_CHARACTER_SET_RESULTS */;
/*!40101 SET COLLATION_CONNECTION=@OLD_COLLATION_CONNECTION */;
/*!40111 SET SQL_NOTES=@OLD_SQL_NOTES */;

-- Dump completed on 2025-06-06 18:40:50
